ensembl,baseMean,log2FoldChange,lfcSE,stat,pvalue,padj,gene,ENTREZID,description
ENSMUSG00000024402,5669.701055235486,-1.6192581462994668,0.24476066259841672,-6.615679697501935,3.69848403113608e-11,4.955598753319233e-7,Lta,16992,lymphotoxin A [Source:MGI Symbol;Acc:MGI:104797]
ENSMUSG00000022385,1724.3930322765918,-0.9328084928689961,0.14954806854440358,-6.237516150815603,4.445732205773427e-10,2.9784182912579077e-6,Gtse1,29870,G two S phase expressed protein 1 [Source:MGI Symbol;Acc:MGI:1352755]
ENSMUSG00000027009,2175.1523641618273,1.0189145859221975,0.1696185183625529,6.007095190775737,1.8887663499754844e-9,5.061516064664304e-6,Itga4,16401,integrin alpha 4 [Source:MGI Symbol;Acc:MGI:96603]
ENSMUSG00000025507,969.4151144752557,-1.1486356065650685,0.1896399702358481,-6.056927793948467,1.3874582951341758e-9,5.061516064664304e-6,Pidd1,57913,p53 induced death domain protein 1 [Source:MGI Symbol;Acc:MGI:1889507]
ENSMUSG00000021340,947.8122139752206,1.4501704859071902,0.24033144602832893,6.034043858481391,1.599066338069765e-9,5.061516064664304e-6,Gpld1,14756,glycosylphosphatidylinositol specific phospholipase D1 [Source:MGI Symbol;Acc:MGI:106604]
ENSMUSG00000000982,53.43713298527285,-3.177401385786594,0.5467018928525686,-5.811945097185637,6.175109472559269e-9,1.3790048637136941e-5,Ccl3,20302,chemokine (C-C motif) ligand 3 [Source:MGI Symbol;Acc:MGI:98260]
ENSMUSG00000027200,167.696847408733,-2.6597848099477353,0.4617389629566764,-5.760364672100013,8.393240030521585e-9,1.606586045270839e-5,Sema6d,214968,"sema domain, transmembrane domain (TM), and cytoplasmic domain, (semaphorin) 6D [Source:MGI Symbol;Acc:MGI:2387661]"
ENSMUSG00000028064,1833.9890404434618,-1.475719046632226,0.26154015780210127,-5.642418583186959,1.676778343348267e-8,2.8083941278154286e-5,Sema4a,20351,"sema domain, immunoglobulin domain (Ig), transmembrane domain (TM) and short cytoplasmic domain, (semaphorin) 4A [Source:MGI Symbol;Acc:MGI:107560]"
ENSMUSG00000052949,1429.0129894496447,0.8308087665681989,0.1573550534587144,5.279835304343626,1.2930005636365625e-7,1.9249905057962556e-4,Rnf157,217340,ring finger protein 157 [Source:MGI Symbol;Acc:MGI:2442484]
ENSMUSG00000030208,483.5877456728045,-2.027140351021863,0.3884247078694526,-5.218875910703326,1.800123133140227e-7,2.4119849860945904e-4,Emp1,13730,epithelial membrane protein 1 [Source:MGI Symbol;Acc:MGI:107941]
ENSMUSG00000023951,2371.032679168575,0.5872778804991804,0.11484145610312949,5.113814300402072,3.157177443332523e-7,3.845729142110225e-4,Vegfa,22339,vascular endothelial growth factor A [Source:MGI Symbol;Acc:MGI:103178]
ENSMUSG00000040918,1659.0989550726385,-0.7745323808496221,0.15240500094781723,-5.082066704063198,3.733502480819871e-7,4.1687666450421207e-4,Slc19a2,116914,"solute carrier family 19 (thiamine transporter), member 2 [Source:MGI Symbol;Acc:MGI:1928761]"
ENSMUSG00000039997,200.9230265003884,-1.843205822988467,0.36600413428113365,-5.036024597396135,4.752995099820435e-7,4.898875487884154e-4,Ifi203,15950,interferon activated gene 203 [Source:MGI Symbol;Acc:MGI:96428]
ENSMUSG00000050271,105.6011469977666,-2.3457349168194823,0.46802448614782893,-5.011991864200381,5.386948220535558e-7,5.155694229068281e-4,Prag1,244418,PEAK1 related kinase activating pseudokinase 1 [Source:MGI Symbol;Acc:MGI:1196223]
ENSMUSG00000018899,2066.3267132641627,-0.7519426683837916,0.15064649344938136,-4.9914382417168675,5.993134586435112e-7,5.353467354909604e-4,Irf1,16362,interferon regulatory factor 1 [Source:MGI Symbol;Acc:MGI:96590]
ENSMUSG00000029561,22.7077538524675,-3.871507794043884,0.7910638938291612,-4.894051952369827,9.878074398887062e-7,7.847025886379765e-4,Oasl2,23962,2'-5' oligoadenylate synthetase-like 2 [Source:MGI Symbol;Acc:MGI:1344390]
ENSMUSG00000063889,1348.9524351980654,0.883174426409385,0.1805156969853136,4.892507638719298,9.955925074144042e-7,7.847025886379765e-4,Crem,12916,cAMP responsive element modulator [Source:MGI Symbol;Acc:MGI:88495]
ENSMUSG00000079685,212.57285276894757,-1.8336164121971863,0.3804394390311669,-4.819732719790311,1.4375067899471596e-6,9.17197784690571e-4,Ulbp1,77777,UL16 binding protein 1 [Source:MGI Symbol;Acc:MGI:1925027]
ENSMUSG00000056749,2587.1081866912564,0.8023715015197448,0.16600006069422915,4.833561494882264,1.3411182530943942e-6,9.17197784690571e-4,Nfil3,18030,"nuclear factor, interleukin 3, regulated [Source:MGI Symbol;Acc:MGI:109495]"
ENSMUSG00000033355,55.14187123351872,-3.4793628760933295,0.7205710913637428,-4.828618463597167,1.374835366272285e-6,9.17197784690571e-4,Rtp4,67775,receptor transporter protein 4 [Source:MGI Symbol;Acc:MGI:1915025]
ENSMUSG00000024235,844.0096807436236,-1.1309333817795781,0.23324685760407107,-4.848654311559046,1.243018171922635e-6,9.17197784690571e-4,Map3k8,26410,mitogen-activated protein kinase kinase kinase 8 [Source:MGI Symbol;Acc:MGI:1346878]
ENSMUSG00000005533,119.15520628928701,1.3155403961494463,0.27385426846315863,4.8037973026022955,1.5568443902385327e-6,9.481889993093681e-4,Igf1r,16001,insulin-like growth factor I receptor [Source:MGI Symbol;Acc:MGI:96433]
ENSMUSG00000073491,52.76404721492547,-2.6106353844688686,0.5463068479683686,-4.778697895106791,1.7643405665370773e-6,9.849194405394958e-4,Ifi213,623121,interferon activated gene 213 [Source:MGI Symbol;Acc:MGI:3695276]
ENSMUSG00000090272,754.6949217865802,-1.4476062835273176,0.30325577178571156,-4.7735489913452795,1.8100749119517813e-6,9.849194405394958e-4,Mndal,100040462,myeloid nuclear differentiation antigen like [Source:MGI Symbol;Acc:MGI:3780953]
ENSMUSG00000013846,780.8337498349214,0.9958698394515576,0.20875577346982,4.770502022046022,1.8376734094699152e-6,9.849194405394958e-4,St3gal1,20442,"ST3 beta-galactoside alpha-2,3-sialyltransferase 1 [Source:MGI Symbol;Acc:MGI:98304]"
ENSMUSG00000046818,60.896329484215535,-1.8535231391228344,0.3916698845547315,-4.732360623615485,2.219236825292758e-6,0.0011436751623883714,Ddit4l,73284,DNA-damage-inducible transcript 4-like [Source:MGI Symbol;Acc:MGI:1920534]
ENSMUSG00000037977,708.8482112929585,-1.288132987254807,0.2728993807370386,-4.720175559856,2.3564117711113184e-6,0.001169391160041502,6430571L13Rik,235599,RIKEN cDNA 6430571L13 gene [Source:MGI Symbol;Acc:MGI:2445137]
ENSMUSG00000046879,473.57215532877586,-1.176773047604364,0.25396510169646674,-4.633601387527709,3.593586355746891e-6,0.001663059488141547,Irgm1,15944,immunity-related GTPase family M member 1 [Source:MGI Symbol;Acc:MGI:107567]
ENSMUSG00000031400,1075.2894128481773,-0.8605383244707817,0.18573042165657994,-4.6332653358314015,3.5994272077098936e-6,0.001663059488141547,G6pdx,14381,glucose-6-phosphate dehydrogenase X-linked [Source:MGI Symbol;Acc:MGI:105979]
ENSMUSG00000001119,55.886818420792494,-2.9005010743761397,0.6305997502852246,-4.599591219413301,4.233207971517024e-6,0.0018906917870118865,Col6a1,12833,"collagen, type VI, alpha 1 [Source:MGI Symbol;Acc:MGI:88459]"
ENSMUSG00000032446,135.9802183445427,-1.4168953825872812,0.31055565146616004,-4.562452416814815,5.055955445144236e-6,0.0019611309117946534,Eomes,13813,eomesodermin [Source:MGI Symbol;Acc:MGI:1201683]
ENSMUSG00000085148,331.92073324964485,-1.3527562724080073,0.2958526794297075,-4.572398245693132,4.8217339467664336e-6,0.0019611309117946534,Mir22hg,100042498,Mir22 host gene (non-protein coding) [Source:MGI Symbol;Acc:MGI:1914348]
ENSMUSG00000020647,1329.2055056935076,0.6646717508579325,0.14552911896845525,4.567276676786631,4.94101643665862e-6,0.0019611309117946534,Ncoa1,17977,nuclear receptor coactivator 1 [Source:MGI Symbol;Acc:MGI:1276523]
ENSMUSG00000022864,5443.768384906918,0.7372443385523829,0.1613735386157864,4.5685577999729245,4.910916478008976e-6,0.0019611309117946534,D16Ertd472e,67102,"DNA segment, Chr 16, ERATO Doi 472, expressed [Source:MGI Symbol;Acc:MGI:1196400]"
ENSMUSG00000031066,872.7336125097008,0.8220763299863875,0.18071939852566743,4.5489102813145355,5.392442554969986e-6,0.0020070371609456346,Usp11,236733,ubiquitin specific peptidase 11 [Source:MGI Symbol;Acc:MGI:2384312]
ENSMUSG00000068874,71.47932350878231,1.5736550161057756,0.34729450697256103,4.531183144310735,5.865426070193541e-6,0.00206818010301377,Selenbp1,20341,selenium binding protein 1 [Source:MGI Symbol;Acc:MGI:96825]
ENSMUSG00000038843,121.69296287319726,-2.5835057580626453,0.5699477466126184,-4.532881783316533,5.81843818655833e-6,0.00206818010301377,Gcnt1,14537,"glucosaminyl (N-acetyl) transferase 1, core 2 [Source:MGI Symbol;Acc:MGI:95676]"
ENSMUSG00000021701,668.7179218620993,-0.8753986521178873,0.19386694088549133,-4.515461213342953,6.317911004485266e-6,0.002170607424335848,Plk2,20620,polo like kinase 2 [Source:MGI Symbol;Acc:MGI:1099790]
ENSMUSG00000037032,613.8584120246084,0.7636348960724746,0.16994017427688402,4.493551329588977,7.004512792578285e-6,0.002289108948969669,Apbb1,11785,"amyloid beta (A4) precursor protein-binding, family B, member 1 [Source:MGI Symbol;Acc:MGI:107765]"
ENSMUSG00000064363,16212.598709005175,-0.6354316476327027,0.14179982123600604,-4.481187931648484,7.4228711197725615e-6,0.002368072622234108,mt-Nd4,17719,mitochondrially encoded NADH dehydrogenase 4 [Source:MGI Symbol;Acc:MGI:102498]
ENSMUSG00000027122,3453.1569976625888,0.7150831752881411,0.16025561040121689,4.462141284775333,8.114469354392907e-6,0.0024710403381706944,Arl14ep,212772,ADP-ribosylation factor-like 14 effector protein [Source:MGI Symbol;Acc:MGI:1926020]
ENSMUSG00000038304,72.93596356933162,-2.0706980282728344,0.46366202109033205,-4.465964288822816,7.970890613237967e-6,0.0024710403381706944,Cd160,54215,CD160 antigen [Source:MGI Symbol;Acc:MGI:1860383]
ENSMUSG00000018909,2747.5030822345116,0.9011817039841518,0.20381866627383965,4.421487592178496,9.802369425668303e-6,0.0028316093979018266,Arrb1,109689,"arrestin, beta 1 [Source:MGI Symbol;Acc:MGI:99473]"
ENSMUSG00000020898,1189.2132585239526,-0.5579930731454545,0.126411961159671,-4.414084458674392,1.0143835442890342e-5,0.0028316093979018266,Ctc1,68964,CTS telomere maintenance complex component 1 [Source:MGI Symbol;Acc:MGI:1916214]
ENSMUSG00000045763,1624.0704791909097,0.8243484224554426,0.1866984003017196,4.415401637738884,1.0082261743060215e-5,0.0028316093979018266,Basp1,70350,"brain abundant, membrane attached signal protein 1 [Source:MGI Symbol;Acc:MGI:1917600]"
ENSMUSG00000033450,480.42717048525583,-1.597484767110417,0.36176288239532084,-4.415833809519314,1.0062137055891616e-5,0.0028316093979018266,Tagap,72536,T cell activation Rho GTPase activating protein [Source:MGI Symbol;Acc:MGI:3615484]
ENSMUSG00000029275,1412.457146882174,0.7646261139731979,0.1740898842091903,4.392134083186626,1.1224343821135982e-5,0.003069285364477572,Gfi1,14581,growth factor independent 1 transcription repressor [Source:MGI Symbol;Acc:MGI:103170]
ENSMUSG00000021375,509.53491265547444,0.866724541045104,0.19849864481890317,4.366400293744299,1.263109058595829e-5,0.003384879655225103,Kif13a,16553,kinesin family member 13A [Source:MGI Symbol;Acc:MGI:1098264]
ENSMUSG00000056367,225.13988575821486,-1.3901689833906072,0.3190293360317112,-4.357495773531077,1.315590382961163e-5,0.003456391282607181,Actr3b,242894,ARP3 actin-related protein 3B [Source:MGI Symbol;Acc:MGI:2661120]
ENSMUSG00000047003,324.9870318448613,0.8294986153566872,0.19059308881267675,4.35219671670233,1.3478024478856911e-5,0.0034729240383116105,Zfp41,22701,zinc finger protein 41 [Source:MGI Symbol;Acc:MGI:99186]
ENSMUSG00000019302,499.74649127941456,-0.7857066202983208,0.18264055588479788,-4.301928542058929,1.6931792126954722e-5,0.004280548730359742,Atp6v0a1,11975,"ATPase, H+ transporting, lysosomal V0 subunit A1 [Source:MGI Symbol;Acc:MGI:103286]"
ENSMUSG00000036678,2000.7402572488381,-0.6766914437353931,0.15754556025650765,-4.2952111289816015,1.7452715978091137e-5,0.0043305359516748725,Aaas,223921,"achalasia, adrenocortical insufficiency, alacrimia [Source:MGI Symbol;Acc:MGI:2443767]"
ENSMUSG00000028698,29.3072327738759,-3.271837129878246,0.7633244736735746,-4.286299264233211,1.8167421248157254e-5,0.0044259141328010735,Pik3r3,18710,phosphoinositide-3-kinase regulatory subunit 3 [Source:MGI Symbol;Acc:MGI:109277]
ENSMUSG00000042700,6242.19780128885,0.5853094301873353,0.13693248918805584,4.274437963247,1.9162004782770348e-5,0.004584851822934641,Sipa1l1,217692,signal-induced proliferation-associated 1 like 1 [Source:MGI Symbol;Acc:MGI:2443679]
ENSMUSG00000041773,515.9762647143683,-0.7421833463283692,0.17475875300493648,-4.246902278522235,2.1674643815904397e-5,0.005095062324373737,Enc1,13803,ectodermal-neural cortex 1 [Source:MGI Symbol;Acc:MGI:109610]
ENSMUSG00000030409,108.19059777623538,-1.5074972303404415,0.3554687867571274,-4.240870890783535,2.2265418937634483e-5,0.005143695661126973,Dmpk,13400,dystrophia myotonica-protein kinase [Source:MGI Symbol;Acc:MGI:94906]
ENSMUSG00000042156,267.70699702955284,-1.720603799640422,0.40634136702819695,-4.234380103173264,2.2918301929214262e-5,0.0052047852127041,Dzip1,66573,DAZ interacting protein 1 [Source:MGI Symbol;Acc:MGI:1914311]
ENSMUSG00000033880,3640.2156501343184,-1.2143094611402199,0.28784946598537936,-4.2185572829997815,2.458705091365423e-5,0.0054906982532008835,Lgals3bp,19039,"lectin, galactoside-binding, soluble, 3 binding protein [Source:MGI Symbol;Acc:MGI:99554]"
ENSMUSG00000068744,2266.0768931536104,-0.9607737974714035,0.22805504229235,-4.212903112397582,2.5210922421208088e-5,0.005537723762651921,Psrc1,56742,proline/serine-rich coiled-coil 1 [Source:MGI Symbol;Acc:MGI:1913099]
ENSMUSG00000044786,421.82917191715643,-1.379188499674504,0.330341440118523,-4.175039314412584,2.9793459678432184e-5,0.006438751068246981,Zfp36,22695,zinc finger protein 36 [Source:MGI Symbol;Acc:MGI:99180]
ENSMUSG00000066357,894.304601639455,-1.0352148736623545,0.24898225956650757,-4.15778568105504,3.213472852956139e-5,0.0068344956756760805,Wdr6,83669,WD repeat domain 6 [Source:MGI Symbol;Acc:MGI:1930140]
ENSMUSG00000029817,1500.7527599389164,-0.6503056155067982,0.1567642223053767,-4.148303777120796,3.349477608087698e-5,0.006855432625189728,Tra2a,101214,transformer 2 alpha [Source:MGI Symbol;Acc:MGI:1933972]
ENSMUSG00000004612,2305.4576626284747,-1.3149478997800368,0.3172431172068678,-4.1449217601861665,3.39929755087679e-5,0.006855432625189728,Nkg7,72310,natural killer cell group 7 sequence [Source:MGI Symbol;Acc:MGI:1931250]
ENSMUSG00000022555,1369.6693087257188,0.7813512427466445,0.18859568118507616,4.142996477103177,3.427972131410641e-5,0.006855432625189728,Dgat1,13350,diacylglycerol O-acyltransferase 1 [Source:MGI Symbol;Acc:MGI:1333825]
ENSMUSG00000079470,108.4295124407177,1.1659373806718794,0.28168784030561805,4.139111505157241,3.4865347129019e-5,0.006870011561495965,Utp14b,195434,UTP14B small subunit processome component [Source:MGI Symbol;Acc:MGI:2445092]
ENSMUSG00000024892,796.8879822178385,-0.9447892272823245,0.22941899117262796,-4.118182293685579,3.8187257430707026e-5,0.007309586604486335,Pcx,18563,pyruvate carboxylase [Source:MGI Symbol;Acc:MGI:97520]
ENSMUSG00000056216,3146.0196407971916,0.9821927017765705,0.23889803386318573,4.11134694536273,3.933575937239552e-5,0.007399356459949914,Cebpg,12611,"CCAAT/enhancer binding protein (C/EBP), gamma [Source:MGI Symbol;Acc:MGI:104982]"
ENSMUSG00000043807,81.62652961019572,-2.4768718413269832,0.6028115698025077,-4.108865797214961,3.9760703419389047e-5,0.007399356459949914,Ly6g5b,266614,"lymphocyte antigen 6 complex, locus G5B [Source:MGI Symbol;Acc:MGI:2385809]"
ENSMUSG00000018405,343.2073479317535,0.8301062801922123,0.20423729036397192,4.064420746636803,4.81518965808227e-5,0.00883818167515676,Mrm1,217038,mitochondrial rRNA methyltransferase 1 [Source:MGI Symbol;Acc:MGI:2443470]
ENSMUSG00000024401,667.305043753466,-1.4258874708798963,0.3511229175992791,-4.0609353574214655,4.887650420283933e-5,0.008849949727214111,Tnf,21926,tumor necrosis factor [Source:MGI Symbol;Acc:MGI:104798]
ENSMUSG00000042650,5114.9603032482655,0.44858284514477714,0.11059606594181028,4.056047033181066,4.991021339688026e-5,0.008916625990730648,Alkbh5,268420,"alkB homolog 5, RNA demethylase [Source:MGI Symbol;Acc:MGI:2144489]"
ENSMUSG00000024912,49.0031158684157,-1.7979215413049847,0.4440951919268889,-4.048504856591592,5.154586477659712e-5,0.009087671607126643,Fosl1,14283,fos-like antigen 1 [Source:MGI Symbol;Acc:MGI:107179]
ENSMUSG00000033107,1857.49140827792,0.5938171847837551,0.1471409413748154,4.035703314355665,5.443897345705402e-5,0.009473088381182687,Rnf125,67664,ring finger protein 125 [Source:MGI Symbol;Acc:MGI:1914914]
ENSMUSG00000022174,951.5136949021877,-0.5936176831637099,0.14730660112944755,-4.029810467502816,5.5821843605864235e-5,0.009589190800961215,Dad1,13135,defender against cell death 1 [Source:MGI Symbol;Acc:MGI:101912]
ENSMUSG00000018427,58.7207807733095,-1.8998688227821838,0.47193402337203116,-4.025708528508645,5.680401553944993e-5,0.00962599239343956,Ypel2,77864,yippee like 2 [Source:MGI Symbol;Acc:MGI:1925114]
ENSMUSG00000050394,91.18476070167694,1.2461361773698645,0.3097565620227385,4.022953280577761,5.7472900326529205e-5,0.00962599239343956,Armcx6,278097,"armadillo repeat containing, X-linked 6 [Source:MGI Symbol;Acc:MGI:2147993]"
ENSMUSG00000027332,595.4597866575946,-0.7787695571590413,0.1941648799040668,-4.010867246145732,6.049612072126189e-5,0.010007253352397383,Ivd,56357,isovaleryl coenzyme A dehydrogenase [Source:MGI Symbol;Acc:MGI:1929242]
ENSMUSG00000096210,1252.5796751338976,1.2271415538377943,0.30665651782229436,4.0016809769845345,6.289406208127529e-5,0.0102770431442318,H1f0,14958,H1.0 linker histone [Source:MGI Symbol;Acc:MGI:95893]
ENSMUSG00000031995,871.0360408717096,-1.4794415352212353,0.3704486172840297,-3.9936484203068856,6.506431898318395e-5,0.010503576024767251,St14,19143,suppression of tumorigenicity 14 (colon carcinoma) [Source:MGI Symbol;Acc:MGI:1338881]
ENSMUSG00000023067,9585.268011458174,-0.8444425083006045,0.21164009949801899,-3.9899929659053517,6.607525477371774e-5,0.010539789746583856,Cdkn1a,12575,cyclin-dependent kinase inhibitor 1A (P21) [Source:MGI Symbol;Acc:MGI:104556]
ENSMUSG00000014426,875.1600842636946,0.6165526215149323,0.15466115845342363,3.9864735766906065,6.706259238697029e-5,0.01057143147521194,Map3k4,26407,mitogen-activated protein kinase kinase kinase 4 [Source:MGI Symbol;Acc:MGI:1346875]
ENSMUSG00000038615,11126.564806322773,0.5678847809768928,0.14282533515601584,3.9760787563114173,7.006093138973232e-5,0.010915656042918876,Nfe2l1,18023,"nuclear factor, erythroid derived 2,-like 1 [Source:MGI Symbol;Acc:MGI:99421]"
ENSMUSG00000007891,3151.394911074099,-1.0614548440071878,0.26741595013433894,-3.9693026667779385,7.208327417179377e-5,0.010975497620771189,Ctsd,13033,cathepsin D [Source:MGI Symbol;Acc:MGI:88562]
ENSMUSG00000068036,613.7940607682272,0.7608699493230667,0.1915649878702641,3.9718633231577787,7.131263350523194e-5,0.010975497620771189,Afdn,17356,"afadin, adherens junction formation factor [Source:MGI Symbol;Acc:MGI:1314653]"
ENSMUSG00000000552,270.95759402518917,-1.62909558671407,0.41106113754347706,-3.9631466901727337,7.396829996072386e-5,0.011135969114311674,Zfp385a,29813,zinc finger protein 385A [Source:MGI Symbol;Acc:MGI:1352495]
ENSMUSG00000025161,2298.6464786205092,0.5619334834713751,0.1427211695569407,3.937281940834877,8.240976102127106e-5,0.012268982088044564,Slc16a3,80879,"solute carrier family 16 (monocarboxylic acid transporters), member 3 [Source:MGI Symbol;Acc:MGI:1933438]"
ENSMUSG00000020023,466.1007370468461,0.8379979723834123,0.2129896621029083,3.9344537387853333,8.338612690813445e-5,0.012277919938924105,Tmcc3,319880,transmembrane and coiled coil domains 3 [Source:MGI Symbol;Acc:MGI:2442900]
ENSMUSG00000066684,119.24642319143776,-2.053052042562252,0.5222132260466135,-3.931443977596603,8.443717385848675e-5,0.012297540136194173,Pilrb1,170741,paired immunoglobin-like type 2 receptor beta 1 [Source:MGI Symbol;Acc:MGI:2450532]
ENSMUSG00000058070,21.97865817256298,2.340061936187124,0.5960172221201142,3.926164965272658,8.631097192230989e-5,0.01243527648158097,Eml1,68519,echinoderm microtubule associated protein like 1 [Source:MGI Symbol;Acc:MGI:1915769]
ENSMUSG00000029120,449.1573549168589,-1.4758861048574923,0.37721626257960045,-3.9125728428690154,9.131798006886234e-5,0.013016698031305176,Ppp2r2c,269643,"protein phosphatase 2, regulatory subunit B, gamma [Source:MGI Symbol;Acc:MGI:2442660]"
ENSMUSG00000004508,2158.3592569392413,0.6128100939538825,0.15707535316781002,3.9013765151251483,9.564724906524223e-5,0.013349765523178963,Gab2,14389,growth factor receptor bound protein 2-associated protein 2 [Source:MGI Symbol;Acc:MGI:1333854]
ENSMUSG00000022074,718.2056408776796,-0.7923113720726155,0.20296922807808138,-3.903603416020367,9.477102743137083e-5,0.013349765523178963,Tnfrsf10b,21933,"tumor necrosis factor receptor superfamily, member 10b [Source:MGI Symbol;Acc:MGI:1341090]"
ENSMUSG00000071192,108.98543878058149,-1.5647409168650734,0.4015356307965373,-3.8968918244217923,9.74351132643903e-5,0.013378839656564206,Wfikkn1,215001,"WAP, FS, Ig, KU, and NTR-containing protein 1 [Source:MGI Symbol;Acc:MGI:2670967]"
ENSMUSG00000005824,33.609231235623966,-1.9469198765209297,0.4997412417588761,-3.8958559226943166,9.785254767843064e-5,0.013378839656564206,Tnfsf14,50930,"tumor necrosis factor (ligand) superfamily, member 14 [Source:MGI Symbol;Acc:MGI:1355317]"
ENSMUSG00000021109,15379.298350326646,0.4719405962353969,0.12141387638747114,3.8870400178088467,1.0147403041490859e-4,0.01373384377302384,Hif1a,15251,"hypoxia inducible factor 1, alpha subunit [Source:MGI Symbol;Acc:MGI:106918]"
ENSMUSG00000040111,1534.253024218529,-0.6458688029497829,0.1663076800145572,-3.8835777331103944,1.0293060444936291e-4,0.013791671690170136,Gramd1b,235283,GRAM domain containing 1B [Source:MGI Symbol;Acc:MGI:1925037]
ENSMUSG00000041977,181.53034906646275,0.9423202396345817,0.2429008043531647,3.879444706426327,1.0469519601331663e-4,0.013889217142400292,Arhgef11,213498,Rho guanine nucleotide exchange factor (GEF) 11 [Source:MGI Symbol;Acc:MGI:2441869]
ENSMUSG00000053469,732.3619003357393,1.2338205333298122,0.3182695183772795,3.876653157426249,1.0590315647015345e-4,0.013911729348466531,Tg,21819,thyroglobulin [Source:MGI Symbol;Acc:MGI:98733]
ENSMUSG00000058297,790.5656731252719,0.594327403273333,0.15374477918633647,3.8656753511806516,1.1078222063372335e-4,0.014411368682245235,Spock2,94214,"sparc/osteonectin, cwcv and kazal-like domains proteoglycan 2 [Source:MGI Symbol;Acc:MGI:1891351]"
ENSMUSG00000041801,1267.467892160424,-0.5056392387714417,0.13224868426349115,-3.823397121774084,1.316255256410798e-4,0.016638211491177626,Phlda3,27280,"pleckstrin homology like domain, family A, member 3 [Source:MGI Symbol;Acc:MGI:1351485]"
ENSMUSG00000031609,1032.3153249254028,0.9924092205916503,0.2594700258037128,3.824754776655399,1.3090231488757133e-4,0.016638211491177626,Sap30,60406,sin3 associated polypeptide [Source:MGI Symbol;Acc:MGI:1929129]
ENSMUSG00000001270,196.70438811665062,-1.1524167915214043,0.3010442438951193,-3.8280645283584773,1.2915489926247563e-4,0.016638211491177626,Ckb,12709,"creatine kinase, brain [Source:MGI Symbol;Acc:MGI:88407]"
ENSMUSG00000040483,265.06019108533815,-1.5582653891685847,0.4080394467098543,-3.8189086906507463,1.3404336376097675e-4,0.01678548627133951,Xaf1,327959,XIAP associated factor 1 [Source:MGI Symbol;Acc:MGI:3772572]
ENSMUSG00000028211,4218.240902604829,-1.0400919599467697,0.2725360744760222,-3.8163460083089933,1.3544253886384433e-4,0.016803653502191204,Trp53inp1,60599,transformation related protein 53 inducible nuclear protein 1 [Source:MGI Symbol;Acc:MGI:1926609]
ENSMUSG00000036863,107.4233739692555,1.3465229902039129,0.3532870622573722,3.8114132501771634,1.381745473191755e-4,0.016830915995723932,Syde2,214804,"synapse defective 1, Rho GTPase, homolog 2 (C. elegans) [Source:MGI Symbol;Acc:MGI:3036264]"
ENSMUSG00000025498,167.02928290673785,-1.6396959478351512,0.4302044725751792,-3.811433986308942,1.3816295472335533e-4,0.016830915995723932,Irf7,54123,interferon regulatory factor 7 [Source:MGI Symbol;Acc:MGI:1859212]
ENSMUSG00000046480,17.79120924379541,-3.1734288969995417,0.8350808336463615,-3.8001457692937777,1.4461099762506054e-4,0.01742158259626012,Scn4b,399548,"sodium channel, type IV, beta [Source:MGI Symbol;Acc:MGI:2687406]"
ENSMUSG00000064341,31762.874277881405,-0.5721576422806325,0.1506306120963634,-3.79841543706006,1.4562409514002041e-4,0.01742158259626012,mt-Nd1,17716,mitochondrially encoded NADH dehydrogenase 1 [Source:MGI Symbol;Acc:MGI:101787]
ENSMUSG00000054072,535.5504824611216,-1.2427402689795377,0.3276793065306335,-3.792550350943076,1.4910800472270414e-4,0.01752542241473257,Iigp1,60440,interferon inducible GTPase 1 [Source:MGI Symbol;Acc:MGI:1926259]
ENSMUSG00000001750,942.6476346638275,-0.7201281721803204,0.18979400804476598,-3.794261892664528,1.4808330961338048e-4,0.01752542241473257,Tcirg1,27060,"T cell, immune regulator 1, ATPase, H+ transporting, lysosomal V0 protein A3 [Source:MGI Symbol;Acc:MGI:1350931]"
ENSMUSG00000020806,1859.943861157211,-0.9940230207018015,0.26236973679250664,-3.788634439527292,1.514776143274463e-4,0.01764911786411698,Rhbdf2,217344,rhomboid 5 homolog 2 [Source:MGI Symbol;Acc:MGI:2442473]
ENSMUSG00000020009,8736.842946159059,0.676944782159484,0.18054673971044857,3.7494157094452807,1.7724705876628807e-4,0.020298575559055503,Ifngr1,15979,interferon gamma receptor 1 [Source:MGI Symbol;Acc:MGI:107655]
ENSMUSG00000051998,281.98442378232926,-0.9007530637056772,0.24103451423487363,-3.737029390023155,1.862071657306448e-4,0.02114398147139754,Lax1,240754,lymphocyte transmembrane adaptor 1 [Source:MGI Symbol;Acc:MGI:2443362]
ENSMUSG00000066677,67.11741687078776,-1.7566007622879467,0.4711951677940928,-3.7279685411705286,1.9302946605399414e-4,0.021317622516823554,Ifi208,100033459,interferon activated gene 208 [Source:MGI Symbol;Acc:MGI:2442822]
ENSMUSG00000008307,218.99880780698354,-1.0501423307161446,0.2819026945118155,-3.7251943708261703,1.9516478305162542e-4,0.021317622516823554,1700109H08Rik,77036,RIKEN cDNA 1700109H08 gene [Source:MGI Symbol;Acc:MGI:1924286]
ENSMUSG00000030123,542.1506569526127,-1.3111474176504243,0.35168543515685124,-3.7281823089024266,1.928658404649577e-4,0.021317622516823554,Plxnd1,67784,plexin D1 [Source:MGI Symbol;Acc:MGI:2154244]
ENSMUSG00000020326,14595.270153692676,-0.6173676692014024,0.16575788103902692,-3.724514727936502,1.956912881236881e-4,0.021317622516823554,Ccng1,12450,cyclin G1 [Source:MGI Symbol;Acc:MGI:102890]
ENSMUSG00000048277,1192.171784804132,-0.5206997289899685,0.13968469179044354,-3.7276792633163254,1.9325109755729888e-4,0.021317622516823554,Syngr2,20973,synaptogyrin 2 [Source:MGI Symbol;Acc:MGI:1328324]
ENSMUSG00000048458,729.8758330712851,-1.0079051324987227,0.2723142727312209,-3.701257089427491,2.145339735104072e-4,0.022283261326092606,Inka2,109050,inka box actin regulator 2 [Source:MGI Symbol;Acc:MGI:1923497]
ENSMUSG00000034855,28.94261776820088,-2.3160638760185535,0.6257235699505338,-3.7014170270134596,2.1439876750490352e-4,0.022283261326092606,Cxcl10,15945,chemokine (C-X-C motif) ligand 10 [Source:MGI Symbol;Acc:MGI:1352450]
ENSMUSG00000038271,384.50431830532966,-0.6560692849426583,0.17717399955877927,-3.7029659350496327,2.1309350456728073e-4,0.022283261326092606,Iffo1,320678,intermediate filament family orphan 1 [Source:MGI Symbol;Acc:MGI:2444516]
ENSMUSG00000110206,656.5702422059094,-0.921845096498421,0.24842285693404495,-3.710790173961997,2.0661331063343374e-4,0.022283261326092606,Flt3l,14256,FMS-like tyrosine kinase 3 ligand [Source:MGI Symbol;Acc:MGI:95560]
ENSMUSG00000078922,374.91523559856904,-1.2798016126216125,0.34523460308591897,-3.707049065134142,2.0968832950574298e-4,0.022283261326092606,Tgtp1,21822,T cell specific GTPase 1 [Source:MGI Symbol;Acc:MGI:98734]
ENSMUSG00000034459,34.01483272194148,-2.477892593633662,0.6690195488617223,-3.7037670989578366,2.124212964154156e-4,0.022283261326092606,Ifit1,15957,interferon-induced protein with tetratricopeptide repeats 1 [Source:MGI Symbol;Acc:MGI:99450]
ENSMUSG00000032883,121.81727537201404,1.1595990584385296,0.3138000490332455,3.695343777067658,2.1958946709710076e-4,0.022289994466924642,Acsl3,74205,acyl-CoA synthetase long-chain family member 3 [Source:MGI Symbol;Acc:MGI:1921455]
ENSMUSG00000026399,347.0947982248087,-1.373873571935427,0.3717140429180629,-3.696049686877906,2.189801343485669e-4,0.022289994466924642,Cd55,13136,"CD55 molecule, decay accelerating factor for complement [Source:MGI Symbol;Acc:MGI:104850]"
ENSMUSG00000028527,698.7425073983177,0.7338423660699384,0.19857605392334102,3.6955229574318835,2.1943465022048494e-4,0.022289994466924642,Ak4,11639,adenylate kinase 4 [Source:MGI Symbol;Acc:MGI:87979]
ENSMUSG00000041515,902.8274030504429,-0.9637653883460187,0.26128197408539844,-3.688602674254971,2.254890297741264e-4,0.0225472202234591,Irf8,15900,interferon regulatory factor 8 [Source:MGI Symbol;Acc:MGI:96395]
ENSMUSG00000026202,2615.4725824806806,-0.70291299775471106,0.19102582752845812,-3.6796751876391918,2.3353121425811696e-4,0.02273161594022678,Tuba4a,22145,"tubulin, alpha 4A [Source:MGI Symbol;Acc:MGI:1095410]"
ENSMUSG00000027611,213.40300267305133,-0.9282288245269723,0.2524992584304585,-3.67616455706391,2.36766828351781e-4,0.02273161594022678,Procr,19124,"protein C receptor, endothelial [Source:MGI Symbol;Acc:MGI:104596]"
ENSMUSG00000028654,426.8147860357111,1.3630206138646361,0.37158113454590314,3.6681641965767127,2.442982831101318e-4,0.02273161594022678,Mycl,16918,v-myc avian myelocytomatosis viral oncogene lung carcinoma derived [Source:MGI Symbol;Acc:MGI:96799]
ENSMUSG00000051339,228.686056137956,-1.5238980615521471,0.4143956028662845,-3.67739920745219,2.356241327202758e-4,0.02273161594022678,2900026A02Rik,243219,RIKEN cDNA 2900026A02 gene [Source:MGI Symbol;Acc:MGI:1920194]
ENSMUSG00000029428,411.3554376997103,0.6404653114969977,0.17454868756236794,3.6692645498589225,2.4324925589530862e-4,0.02273161594022678,Stx2,13852,syntaxin 2 [Source:MGI Symbol;Acc:MGI:108059]
ENSMUSG00000032578,4433.099134106649,-0.6214665302683785,0.1686977206144579,-3.683905911738306,2.2968705229388327e-4,0.02273161594022678,Cish,12700,cytokine inducible SH2-containing protein [Source:MGI Symbol;Acc:MGI:103159]
ENSMUSG00000003346,525.1116982458493,-1.0239765689964047,0.27890884057511306,-3.671366482629069,2.4125710378680197e-4,0.02273161594022678,Abhd17a,216169,abhydrolase domain containing 17A [Source:MGI Symbol;Acc:MGI:106388]
ENSMUSG00000016319,4304.784419668019,-0.5654072313405806,0.15398468402959029,-3.6718407087287317,2.408097669893082e-4,0.02273161594022678,Slc25a5,11740,"solute carrier family 25 (mitochondrial carrier, adenine nucleotide translocator), member 5 [Source:MGI Symbol;Acc:MGI:1353496]"
ENSMUSG00000026831,47.84818930327091,-2.0114473665562858,0.5494459432476914,-3.660864897221602,2.5136528585566333e-4,0.023227885966758847,1700007K13Rik,69327,RIKEN cDNA 1700007K13 gene [Source:MGI Symbol;Acc:MGI:1916577]
ENSMUSG00000004558,610.8956282276574,0.5733280760224821,0.156691323053364,3.6589650585005598,2.532358610362106e-4,0.023240460972768395,Ndrg2,29811,N-myc downstream regulated gene 2 [Source:MGI Symbol;Acc:MGI:1352498]
ENSMUSG00000066637,170.17003065131675,0.7837594632644265,0.21432970709136007,3.656793423089696,2.5539003344804444e-4,0.023278714681430935,Ttc32,75516,tetratricopeptide repeat domain 32 [Source:MGI Symbol;Acc:MGI:1922766]
ENSMUSG00000021675,446.268274499936,-1.2703323980651924,0.34802017614933445,-3.65016882676393,2.620680016371773e-4,0.023525621239861034,F2rl2,14064,coagulation factor II (thrombin) receptor-like 2 [Source:MGI Symbol;Acc:MGI:1298208]
ENSMUSG00000022014,1248.435263936818,-1.1496772566038893,0.3150750725670289,-3.64889944239974,2.6336616060744494e-4,0.023525621239861034,Epsti1,108670,epithelial stromal interaction 1 (breast) [Source:MGI Symbol;Acc:MGI:1915168]
ENSMUSG00000036098,242.5751059236526,-1.1713688486121463,0.32083332388646063,-3.651019895385558,2.6120100294738037e-4,0.023525621239861034,Myrf,225908,myelin regulatory factor [Source:MGI Symbol;Acc:MGI:2684944]
ENSMUSG00000030530,2805.444968775396,-1.1006241580896081,0.3021511340648992,-3.6426279235913923,2.698687873755181e-4,0.02378928869766163,Furin,18550,furin (paired basic amino acid cleaving enzyme) [Source:MGI Symbol;Acc:MGI:97513]
ENSMUSG00000024817,2819.273238606913,0.5080837192673535,0.13943847654124253,3.643784211290308,2.6865868616773674e-4,0.02378928869766163,Uhrf2,109113,"ubiquitin-like, containing PHD and RING finger domains 2 [Source:MGI Symbol;Acc:MGI:1923718]"
ENSMUSG00000027002,656.2492212094936,0.5717822631907367,0.15714346230759385,3.6386003896969354,2.7412377026848396e-4,0.023880395436165762,Nckap1,50884,NCK-associated protein 1 [Source:MGI Symbol;Acc:MGI:1355333]
ENSMUSG00000037921,78.84513774029905,-1.6348479894815264,0.44937373700087974,-3.638058602161536,2.747009289494346e-4,0.023880395436165762,Ddx60,234311,DExD/H box helicase 60 [Source:MGI Symbol;Acc:MGI:2384570]
ENSMUSG00000021610,1788.7899702051757,-0.5727015417681393,0.15748222900500497,-3.636610590201502,2.7624907027432597e-4,0.023880395436165762,Clptm1l,218335,CLPTM1-like [Source:MGI Symbol;Acc:MGI:2442892]
ENSMUSG00000000732,116.03933527527566,-1.459624884213618,0.4022317447190459,-3.6288157346535357,2.847243725078402e-4,0.024455268379695836,Icosl,50723,icos ligand [Source:MGI Symbol;Acc:MGI:1354701]
ENSMUSG00000017670,2170.6892287896317,-0.5261529102983673,0.14523308103439575,-3.622817243502242,2.9141172124668845e-4,0.024870227089072473,Elmo2,140579,engulfment and cell motility 2 [Source:MGI Symbol;Acc:MGI:2153045]
ENSMUSG00000025757,423.2337581304025,0.5895098024289701,0.162871302836923,3.6194823284444677,2.951929682953501e-4,0.024901946128435094,Hspa4l,18415,heat shock protein 4 like [Source:MGI Symbol;Acc:MGI:107422]
ENSMUSG00000041992,94.59096375940914,1.3178293370250909,0.36412041682359236,3.619212974985546,2.9550036826786924e-4,0.024901946128435094,Rapgef5,217944,Rap guanine nucleotide exchange factor (GEF) 5 [Source:MGI Symbol;Acc:MGI:2444365]
ENSMUSG00000024910,334.0566043995573,-1.0594835795125703,0.2929912966139676,-3.616092326826005,2.9908374007745484e-4,0.0249590658475147,Ctsw,13041,cathepsin W [Source:MGI Symbol;Acc:MGI:1338045]
ENSMUSG00000025171,778.6617379362432,-0.7004481793575011,0.1937410627608731,-3.6153831788464816,2.9990369441375227e-4,0.0249590658475147,Ubtd1,226122,ubiquitin domain containing 1 [Source:MGI Symbol;Acc:MGI:2385092]
ENSMUSG00000026475,201.59849827840804,-1.7145752651950588,0.4745137094820966,-3.6133313557292484,3.0228799431332925e-4,0.02500220269014999,Rgs16,19734,regulator of G-protein signaling 16 [Source:MGI Symbol;Acc:MGI:108407]
ENSMUSG00000049672,337.93910934860764,0.8259477854333506,0.2289834965705991,3.607018836742666,3.0973518293677776e-4,0.02546099212374163,Zbtb14,22666,zinc finger and BTB domain containing 14 [Source:MGI Symbol;Acc:MGI:1195345]
ENSMUSG00000021222,518.2538740826158,-0.6825189667889082,0.18943181850945962,-3.602979542503972,3.145902964700662e-4,0.025702410868307424,Dcaf4,73828,DDB1 and CUL4 associated factor 4 [Source:MGI Symbol;Acc:MGI:1921078]
ENSMUSG00000029060,2838.5735629696337,0.6311115288106299,0.17556467785650315,3.594752295939993,3.247003576001517e-4,0.026208795731833934,Mib2,76580,mindbomb E3 ubiquitin protein ligase 2 [Source:MGI Symbol;Acc:MGI:2679684]
ENSMUSG00000028134,300.623960746257,-0.7515522642269754,0.2091704718148811,-3.593013190179683,3.268760346270203e-4,0.02622641908962542,Ptbp2,56195,polypyrimidine tract binding protein 2 [Source:MGI Symbol;Acc:MGI:1860489]
ENSMUSG00000056656,19.884726121676618,-2.965596724487598,0.8260891729713588,-3.589923244993816,3.307753462571907e-4,0.026381302764881535,Apol8,239552,apolipoprotein L 8 [Source:MGI Symbol;Acc:MGI:2444921]
ENSMUSG00000019194,333.65752942080655,-1.4329365729071408,0.40114100422994875,-3.5721518313937533,3.540600295747013e-4,0.02807130376491966,Scn1b,20266,"sodium channel, voltage-gated, type I, beta [Source:MGI Symbol;Acc:MGI:98247]"
ENSMUSG00000022364,1271.7133197755113,0.7144012783958265,0.20031626496011876,3.5663668076981048,3.61964644115376e-4,0.02852920156765837,Tbc1d31,210544,"TBC1 domain family, member 31 [Source:MGI Symbol;Acc:MGI:2684931]"
ENSMUSG00000037257,994.8190875929419,0.4508204791266582,0.1266453541775384,3.5597079897196493,3.71267391450023e-4,0.02909129694759566,Aagab,66939,alpha- and gamma-adaptin binding protein [Source:MGI Symbol;Acc:MGI:1914189]
ENSMUSG00000028550,69.9822619527868,1.2126771444657118,0.34093104849192135,3.5569571906984803,3.751752659282703e-4,0.029226589466121472,Atg4c,242557,"autophagy related 4C, cysteine peptidase [Source:MGI Symbol;Acc:MGI:2651854]"
ENSMUSG00000063882,635.1429669889957,-0.8474218995092252,0.2387196576255109,-3.549862244015991,3.85432782885025e-4,0.02984532727058172,Uqcrh,66576,ubiquinol-cytochrome c reductase hinge protein [Source:MGI Symbol;Acc:MGI:1913826]
ENSMUSG00000006356,214.15310648044857,-1.2362870108092243,0.34840646276839055,-3.548404357903855,3.8757272520943497e-4,0.02984532727058172,Crip2,68337,cysteine rich protein 2 [Source:MGI Symbol;Acc:MGI:1915587]
ENSMUSG00000032690,12.021658702003597,-3.052293582342749,0.8630122423692403,-3.536790595186972,4.0502065894935e-4,0.03047788981093863,Oas2,246728,2'-5' oligoadenylate synthetase 2 [Source:MGI Symbol;Acc:MGI:2180852]
ENSMUSG00000015134,295.2689257610275,0.9569979527164982,0.27079748541557236,3.5339986678527167,4.093231416094704e-4,0.03047788981093863,Aldh1a3,56847,"aldehyde dehydrogenase family 1, subfamily A3 [Source:MGI Symbol;Acc:MGI:1861722]"
ENSMUSG00000010362,174.83730038708023,0.8195167210257088,0.23185886826625332,3.5345498196973133,4.08470425048047e-4,0.03047788981093863,Rdm1,66599,RAD52 motif 1 [Source:MGI Symbol;Acc:MGI:1913849]
ENSMUSG00000021552,308.2922030495427,0.7850603047078324,0.22188380079318876,3.5381596218444247,4.0292639998998553e-4,0.03047788981093863,Gkap1,56278,G kinase anchoring protein 1 [Source:MGI Symbol;Acc:MGI:1891694]
ENSMUSG00000041831,917.7914841141305,-0.600878541198001,0.17003142396102885,-3.5339264190113595,4.094350448517765e-4,0.03047788981093863,Sytl3,83672,synaptotagmin-like 3 [Source:MGI Symbol;Acc:MGI:1933367]
ENSMUSG00000024238,1164.7410295963443,0.5330101541211913,0.15072149110261868,3.5363911955879708,4.056335510115139e-4,0.03047788981093863,Zeb1,21417,zinc finger E-box binding homeobox 1 [Source:MGI Symbol;Acc:MGI:1344313]
ENSMUSG00000037003,60.226983505676166,-1.3160003161985072,0.3729880037943468,-3.528264455722565,4.182940321211036e-4,0.03096531346072192,Tns2,209039,tensin 2 [Source:MGI Symbol;Acc:MGI:2387586]
ENSMUSG00000028634,294.3742509758101,-0.7782938943655243,0.22085519387615393,-3.5240008654809265,4.2508286067445165e-4,0.03112396311572119,Hivep3,16656,human immunodeficiency virus type I enhancer binding protein 3 [Source:MGI Symbol;Acc:MGI:106589]
ENSMUSG00000021493,111.22328151190116,-1.0579132379232956,0.30040321002513215,-3.521644252186217,4.288792586648616e-4,0.03123126731983957,Pdlim7,67399,PDZ and LIM domain 7 [Source:MGI Symbol;Acc:MGI:1914649]
ENSMUSG00000038375,187.78491218610543,-1.5228724989082125,0.433236458392135,-3.5151069800543335,4.395768721038807e-4,0.03138567717979102,Trp53inp2,68728,transformation related protein 53 inducible nuclear protein 2 [Source:MGI Symbol;Acc:MGI:1915978]
ENSMUSG00000089809,24.6458095206856,-1.8618950772311784,0.529522019891111,-3.5161806446010533,4.37802997188321e-4,0.03138567717979102,Rasgef1b,320292,"RasGEF domain family, member 1B [Source:MGI Symbol;Acc:MGI:2443755]"
ENSMUSG00000000290,7005.24846175824,-0.6534382839238733,0.18591957778010557,-3.514628699817297,4.4036922977839485e-4,0.03138567717979102,Itgb2,16414,integrin beta 2 [Source:MGI Symbol;Acc:MGI:96611]
ENSMUSG00000059895,5562.285369378446,-0.5794435021085106,0.16471270582938985,-3.5179040936204444,4.349695350135758e-4,0.03138567717979102,Ptp4a3,19245,protein tyrosine phosphatase 4a3 [Source:MGI Symbol;Acc:MGI:1277098]
ENSMUSG00000071657,852.0453830358344,-0.5424408611762471,0.15445827147612232,-3.5118926036933087,4.4492775608584906e-4,0.031542788379863976,Bscl2,14705,Berardinelli-Seip congenital lipodystrophy 2 (seipin) [Source:MGI Symbol;Acc:MGI:1298392]
ENSMUSG00000054932,96.7678427565563,-1.059471855110355,0.30198010975628425,-3.5084160210598347,4.507835277777817e-4,0.03178972888786578,Afp,11576,alpha fetoprotein [Source:MGI Symbol;Acc:MGI:87951]
ENSMUSG00000030717,1458.443586988604,0.915638702784289,0.26149045823048334,3.5016142041298703,4.624487269866374e-4,0.0322037862109746,Nupr1,56312,nuclear protein transcription regulator 1 [Source:MGI Symbol;Acc:MGI:1891834]
ENSMUSG00000074247,1993.6149485870837,-0.6759298433730415,0.19300552216556668,-3.502126963979849,4.6155961529691195e-4,0.0322037862109746,Dda1,66498,DET1 and DDB1 associated 1 [Source:MGI Symbol;Acc:MGI:1913748]
ENSMUSG00000032330,947.2347455008339,-0.5855226329144678,0.167560860415094,-3.4943878389259186,4.751502127061717e-4,0.03281720463943296,Cox7a2,12866,cytochrome c oxidase subunit 7A2 [Source:MGI Symbol;Acc:MGI:1316715]
ENSMUSG00000001576,3001.69504379326,-0.5028987660933704,0.14402700502453128,-3.4916977271568936,4.799610738706312e-4,0.03297947912201327,Ergic1,67458,endoplasmic reticulum-golgi intermediate compartment (ERGIC) 1 [Source:MGI Symbol;Acc:MGI:1914708]
ENSMUSG00000006494,1717.2744328851234,0.526696410510029,0.15121978670811279,3.4829860693208627,4.958541662508173e-4,0.03365172113710284,Pdk1,228026,"pyruvate dehydrogenase kinase, isoenzyme 1 [Source:MGI Symbol;Acc:MGI:1926119]"
ENSMUSG00000045973,1816.0814773046277,0.5396547989539207,0.15500948794070873,3.4814307570665552,4.987427134120997e-4,0.03365172113710284,Slc25a51,230125,"solute carrier family 25, member 51 [Source:MGI Symbol;Acc:MGI:2684984]"
ENSMUSG00000100826,62.57221886324066,-1.2727776291087096,0.36570598649556496,-3.4803303093430356,5.007959491600622e-4,0.03365172113710284,Snhg14,16353,small nucleolar RNA host gene 14 [Source:MGI Symbol;Acc:MGI:1289201]
ENSMUSG00000085684,34.92604317846187,-1.635563991642992,0.47009169712880244,-3.4792445849024576,5.028294352070157e-4,0.03365172113710284,4930469K13Rik,76874,RIKEN cDNA 4930469K13 gene [Source:MGI Symbol;Acc:MGI:1924124]
ENSMUSG00000023341,14.9690144833673,-3.6200940428810684,1.041669604086612,-3.4752804811419526,5.10319471316122e-4,0.03385034948596396,Mx2,17858,MX dynamin-like GTPase 2 [Source:MGI Symbol;Acc:MGI:97244]
ENSMUSG00000038179,238.53102589603677,-1.476726046076789,0.4251445114481454,-3.473468447344414,5.137777685590973e-4,0.033911863649868694,Slamf7,75345,SLAM family member 7 [Source:MGI Symbol;Acc:MGI:1922595]
ENSMUSG00000030172,720.1412452002983,0.6664013378729086,0.1919572073889143,3.471614048451685,5.173395283576482e-4,0.03397957029639279,Erc1,111173,ELKS/RAB6-interacting/CAST family member 1 [Source:MGI Symbol;Acc:MGI:2151013]
ENSMUSG00000040651,846.4852568296963,0.617733014119191,0.17804083042543092,3.469614316239201,5.212062137148537e-4,0.03406654662226988,Tasor,218850,transcription activation suppressor [Source:MGI Symbol;Acc:MGI:1921694]
ENSMUSG00000020184,4485.3234658065385,-0.8266753228537106,0.23846908696121014,-3.4665932318019035,5.2709890064372e-4,0.03428445713458837,Mdm2,17246,transformed mouse 3T3 cell double minute 2 [Source:MGI Symbol;Acc:MGI:96952]
ENSMUSG00000049823,155.61316123293525,0.9840239508848471,0.2843804050162148,3.460238235573017,5.396976741384242e-4,0.03493434365111472,Zbtb12,193736,zinc finger and BTB domain containing 12 [Source:MGI Symbol;Acc:MGI:88133]
ENSMUSG00000027071,397.2973836738033,0.6767964309655196,0.19636782921434937,3.4465748981048643,5.677411665056212e-4,0.03605290943132142,P2rx3,228139,"purinergic receptor P2X, ligand-gated ion channel, 3 [Source:MGI Symbol;Acc:MGI:1097160]"
ENSMUSG00000029101,334.4318853262757,-1.1501043625080594,0.33353463760850405,-3.4482306568052095,5.642719403898905e-4,0.03605290943132142,Rgs12,71729,regulator of G-protein signaling 12 [Source:MGI Symbol;Acc:MGI:1918979]
ENSMUSG00000040563,52.07901422317528,-1.7313008261649825,0.5018401205531864,-3.449905169512039,5.6078350729231e-4,0.03605290943132142,Plppr2,235044,phospholipid phosphatase related 2 [Source:MGI Symbol;Acc:MGI:2384575]
ENSMUSG00000044340,366.76221079277326,0.6169340343001355,0.17924185989486566,3.4419082387451136,5.776261547521988e-4,0.03650760777134298,Phlpp1,98432,PH domain and leucine rich repeat protein phosphatase 1 [Source:MGI Symbol;Acc:MGI:2138327]
ENSMUSG00000067786,42.01321362523729,-1.450104953544819,0.4221722836130033,-3.4348653614458984,5.928482985126345e-4,0.036946857450096696,Nnat,18111,neuronatin [Source:MGI Symbol;Acc:MGI:104716]
ENSMUSG00000010751,308.14255324759705,0.6039591542857317,0.17583162118422418,3.4348722386682944,5.928332539454973e-4,0.036946857450096696,Tnfrsf22,79202,"tumor necrosis factor receptor superfamily, member 22 [Source:MGI Symbol;Acc:MGI:1930270]"
ENSMUSG00000020303,2251.3363388090766,0.6902072069645735,0.20080430407034955,3.4372132119377636,5.87732755043687e-4,0.036946857450096696,Stc2,20856,stanniocalcin 2 [Source:MGI Symbol;Acc:MGI:1316731]
ENSMUSG00000031633,3630.2822677441955,-0.44603400028450263,0.13040188484438062,-3.4204566967478423,6.251608769949335e-4,0.038780234216921824,Slc25a4,11739,"solute carrier family 25 (mitochondrial carrier, adenine nucleotide translocator), member 4 [Source:MGI Symbol;Acc:MGI:1353495]"
ENSMUSG00000029607,24.90579169940046,-1.5704172427116778,0.4595212039765825,-3.4175076778213422,6.319731153254779e-4,0.039022155632470405,Ankrd61,66729,ankyrin repeat domain 61 [Source:MGI Symbol;Acc:MGI:1913979]
ENSMUSG00000050777,59.77545879074272,-1.4796323004885745,0.4332054446300133,-3.4155440999876636,6.365472123184556e-4,0.039124294026857735,Tmem37,170706,transmembrane protein 37 [Source:MGI Symbol;Acc:MGI:2157899]
ENSMUSG00000086862,108.56793660904391,0.8802052317691645,0.2580962392315403,3.410376045733565,6.487336517490643e-4,0.039595858814396055,Gm13546,100042926,predicted gene 13546 [Source:MGI Symbol;Acc:MGI:3649666]
ENSMUSG00000037855,424.91184794135984,-0.98259996654403,0.28817025070443253,-3.4097897480467303,6.501297812648057e-4,0.039595858814396055,Zfp365,216049,zinc finger protein 365 [Source:MGI Symbol;Acc:MGI:2143676]
ENSMUSG00000024430,18.425806717041013,-2.6255360141591426,0.7706750203878999,-3.406800460248011,6.572916094769709e-4,0.03985090622344766,Cabyr,71132,calcium-binding tyrosine-(Y)-phosphorylation regulated (fibrousheathin 2) [Source:MGI Symbol;Acc:MGI:1918382]
ENSMUSG00000023927,4683.698606192836,0.5102874317719075,0.14986408274566035,3.4050015348770017,6.616368191927852e-4,0.039933656488126704,Satb1,20230,special AT-rich sequence binding protein 1 [Source:MGI Symbol;Acc:MGI:105084]
ENSMUSG00000040296,736.8974496601535,-0.9707914221017939,0.28524012073314686,-3.4034182134216904,6.654833337412948e-4,0.039985700398204524,Ddx58,230073,DEAD/H box helicase 58 [Source:MGI Symbol;Acc:MGI:2442858]
ENSMUSG00000064367,40990.843012198566,-0.6225581119800372,0.18300202525032733,-3.40191924722387,6.691440665252221e-4,0.04002616672933683,mt-Nd5,17721,mitochondrially encoded NADH dehydrogenase 5 [Source:MGI Symbol;Acc:MGI:102496]
ENSMUSG00000037849,300.7775448743377,-1.349069930258024,0.39702090534014983,-3.3979821014770013,6.788486129922816e-4,0.04024731223665302,Ifi206,102639543,interferon activated gene 206 [Source:MGI Symbol;Acc:MGI:3646410]
ENSMUSG00000033444,1725.2983209844479,0.4632212279150701,0.13631156637060127,3.398253282892173,6.781760134900248e-4,0.04024731223665302,Specc1l,74392,sperm antigen with calponin homology and coiled-coil domains 1-like [Source:MGI Symbol;Acc:MGI:1921642]
ENSMUSG00000008305,479.8132395335302,0.6326727291305824,0.1866126716713268,3.3902988659038265,6.98164651234818e-4,0.04095238557798311,Tle1,21885,transducin-like enhancer of split 1 [Source:MGI Symbol;Acc:MGI:104636]
ENSMUSG00000079363,12478.263746596018,-1.1759204536570689,0.34704098636937286,-3.3884195234665415,7.029665410057552e-4,0.04095238557798311,Gbp4,17472,guanylate binding protein 4 [Source:MGI Symbol;Acc:MGI:97072]
ENSMUSG00000043065,301.7733232658775,0.5634733394414361,0.16627399890382571,3.3888241285840115,7.019301532537343e-4,0.04095238557798311,Spice1,212514,spindle and centriole associated protein 1 [Source:MGI Symbol;Acc:MGI:1196252]
ENSMUSG00000039236,406.7437670664585,-1.4243000400029122,0.4207656050058572,-3.38502012298055,7.117303661983275e-4,0.04117546644613654,Isg20,57444,interferon-stimulated protein [Source:MGI Symbol;Acc:MGI:1928895]
ENSMUSG00000021069,640.8421971834184,0.7823941342275799,0.23116614680924716,3.384553253263303,7.129418774164995e-4,0.04117546644613654,Pygl,110095,liver glycogen phosphorylase [Source:MGI Symbol;Acc:MGI:97829]
ENSMUSG00000051817,354.1265186337799,0.8552117233224701,0.25310526114664095,3.3788777026921943,7.27823777598729e-4,0.041832245591413034,Sox12,20667,SRY (sex determining region Y)-box 12 [Source:MGI Symbol;Acc:MGI:98360]
ENSMUSG00000013076,63.84968934151249,-1.051124975195617,0.3111819640030567,-3.377846716030406,7.305579124106762e-4,0.041832245591413034,Amotl1,75723,angiomotin-like 1 [Source:MGI Symbol;Acc:MGI:1922973]
ENSMUSG00000026069,17.050716903005945,-2.010019791209844,0.5959633590902196,-3.3727237766400306,7.442857871427274e-4,0.042382207486781044,Il1rl1,17082,interleukin 1 receptor-like 1 [Source:MGI Symbol;Acc:MGI:98427]
ENSMUSG00000014786,242.36453030339874,-0.6588721767891392,0.1954002906256604,-3.371909912106419,7.464886160818215e-4,0.042382207486781044,Slc9a5,277973,"solute carrier family 9 (sodium/hydrogen exchanger), member 5 [Source:MGI Symbol;Acc:MGI:2685542]"
ENSMUSG00000020680,6323.363267578097,0.5665538654738814,0.16813264376385054,3.36968391616818,7.52544525603347e-4,0.04254575569012341,Taf15,70439,TATA-box binding protein associated factor 15 [Source:MGI Symbol;Acc:MGI:1917689]
ENSMUSG00000026203,359.1626253034989,0.5382950870888691,0.15985102384007774,3.367479758074018,7.585859501941237e-4,0.04270711406155909,Dnajb2,56812,DnaJ heat shock protein family (Hsp40) member B2 [Source:MGI Symbol;Acc:MGI:1928739]
ENSMUSG00000027397,2848.417061976791,-0.4674473810032817,0.13905941010623007,-3.361494059597908,7.752202412176284e-4,0.043460987498221776,Slc20a1,20515,"solute carrier family 20, member 1 [Source:MGI Symbol;Acc:MGI:108392]"
ENSMUSG00000024664,36.21143219739568,-2.124067822895203,0.6325274014787002,-3.3580645169357597,7.849029089253969e-4,0.04363864762112611,Fads3,60527,fatty acid desaturase 3 [Source:MGI Symbol;Acc:MGI:1928740]
ENSMUSG00000074896,10.456156108594387,-3.588122560829218,1.0684921792974293,-3.3581177572947074,7.847517408015292e-4,0.04363864762112611,Ifit3,15959,interferon-induced protein with tetratricopeptide repeats 3 [Source:MGI Symbol;Acc:MGI:1101055]
ENSMUSG00000042064,23.241688404069155,-1.8638364919381354,0.5565232756121716,-3.349071950113728,8.108273664601596e-4,0.04434398319673338,Myo3b,329421,myosin IIIB [Source:MGI Symbol;Acc:MGI:2448580]
ENSMUSG00000035640,477.78921033641177,0.5449550665700479,0.1626290775861202,3.3509079351536446,8.05470762428032e-4,0.04434398319673338,Cbarp,100503659,"calcium channel, voltage-dependent, beta subunit associated regulatory protein [Source:MGI Symbol;Acc:MGI:1354170]"
ENSMUSG00000022747,226.92517993387855,-0.7106553135417304,0.21209870394710365,-3.3505877231525387,8.06402630958156e-4,0.04434398319673338,St3gal6,54613,"ST3 beta-galactoside alpha-2,3-sialyltransferase 6 [Source:MGI Symbol;Acc:MGI:1888707]"
ENSMUSG00000004865,7622.006869177989,0.47205373402054107,0.1409205152046188,3.349787171407312,8.087367443746977e-4,0.04434398319673338,Srpk1,20815,serine/arginine-rich protein specific kinase 1 [Source:MGI Symbol;Acc:MGI:106908]
ENSMUSG00000026883,180.26199174597127,1.0597000138279784,0.3165429408280643,3.3477290981623016,8.14766131895149e-4,0.04434438071876565,Dab2ip,69601,disabled 2 interacting protein [Source:MGI Symbol;Acc:MGI:1916851]
ENSMUSG00000048534,452.89799707174143,-1.0092792753796593,0.3015639917270075,-3.3468162747139756,8.174536933752604e-4,0.04434438071876565,Jaml,270152,junction adhesion molecule like [Source:MGI Symbol;Acc:MGI:2685484]
ENSMUSG00000026749,1758.2289681776715,-0.6268243316408895,0.1874525097997796,-3.3439100511932782,8.260651600210079e-4,0.04445159469526701,Nek6,59126,NIMA (never in mitosis gene a)-related expressed kinase 6 [Source:MGI Symbol;Acc:MGI:1891638]
ENSMUSG00000043668,34.356904081100964,1.4028828325422393,0.4194512638758307,3.3445669458217004,8.2411137820792e-4,0.04445159469526701,Tox3,244579,TOX high mobility group box family member 3 [Source:MGI Symbol;Acc:MGI:3039593]
ENSMUSG00000026821,452.99062492109624,-0.9466958082259466,0.2834946171830454,-3.3393784250044107,8.396609525978045e-4,0.04492598338518994,Ralgds,19730,ral guanine nucleotide dissociation stimulator [Source:MGI Symbol;Acc:MGI:107485]
ENSMUSG00000024521,1585.6019401829744,-0.8776015405596914,0.2628539535239338,-3.338742023067127,8.41586822127224e-4,0.04492598338518994,Pmaip1,58801,phorbol-12-myristate-13-acetate-induced protein 1 [Source:MGI Symbol;Acc:MGI:1930146]
ENSMUSG00000071716,37.0580667420875,-1.9192249560293981,0.5751625268605315,-3.336839356529884,8.473691043584515e-4,0.045055153290868614,Apol7e,666348,apolipoprotein L 7e [Source:MGI Symbol;Acc:MGI:3704456]
ENSMUSG00000011008,198.1022842795234,-0.8687534155184949,0.26086011157441635,-3.330342114304674,8.673933922653783e-4,0.0455709246523435,Mcoln2,68279,mucolipin 2 [Source:MGI Symbol;Acc:MGI:1915529]
ENSMUSG00000040669,502.65701013782115,0.7180585572209123,0.21570265959409263,3.3289276941329726,8.718103454952387e-4,0.0455709246523435,Phc1,13619,polyhomeotic 1 [Source:MGI Symbol;Acc:MGI:103248]
ENSMUSG00000030894,1498.952463441823,-0.6397033102909421,0.19204736755344506,-3.3309663050336704,8.654507752206632e-4,0.0455709246523435,Tpp1,12751,tripeptidyl peptidase I [Source:MGI Symbol;Acc:MGI:1336194]
ENSMUSG00000037613,48.891527461534395,-1.4107641671503333,0.4238813728974221,-3.3282051473673353,8.740747545079691e-4,0.0455709246523435,Tnfrsf23,79201,"tumor necrosis factor receptor superfamily, member 23 [Source:MGI Symbol;Acc:MGI:1930269]"
ENSMUSG00000053101,4057.1390276979027,0.48318658875496434,0.14506444856169434,3.3308408334759587,8.65840945688339e-4,0.0455709246523435,Gpr141,353346,G protein-coupled receptor 141 [Source:MGI Symbol;Acc:MGI:2672983]
ENSMUSG00000001123,1152.495515884628,-0.5981752022755952,0.17988075942992052,-3.325398470471976,8.829225052819113e-4,0.04585379321035787,Lgals9,16859,"lectin, galactose binding, soluble 9 [Source:MGI Symbol;Acc:MGI:109496]"
ENSMUSG00000041075,194.17837187647723,0.7194712121811004,0.21646640000539483,3.3237084931572274,8.882899518795151e-4,0.04595442882329584,Fzd7,14369,frizzled class receptor 7 [Source:MGI Symbol;Acc:MGI:108570]
ENSMUSG00000019944,30.203929440920355,1.625878514155748,0.4896190928874718,3.3207008014481585,8.979174054179057e-4,0.04627382813536353,Rhobtb1,69288,Rho-related BTB domain containing 1 [Source:MGI Symbol;Acc:MGI:1916538]
ENSMUSG00000038973,71.58892405170923,-1.500300719909584,0.45260067708212365,-3.31484417916007,9.16942219210267e-4,0.04707321377470639,Cldnd2,74276,claudin domain containing 2 [Source:MGI Symbol;Acc:MGI:1921526]
ENSMUSG00000036931,122.96234370793721,-1.0998658228108915,0.33224952698276605,-3.3103608387317345,9.317577052520015e-4,0.04737771682743641,Nfkbid,243910,"nuclear factor of kappa light polypeptide gene enhancer in B cells inhibitor, delta [Source:MGI Symbol;Acc:MGI:3041243]"
ENSMUSG00000017639,306.59880350405314,-0.9393228843043692,0.28367371777343303,-3.311279210767758,9.287049426377947e-4,0.04737771682743641,Rab11fip4,268451,RAB11 family interacting protein 4 (class II) [Source:MGI Symbol;Acc:MGI:2442920]
ENSMUSG00000039450,495.8283569496116,-1.1782239174191487,0.35597571554053664,-3.3098435257867433,9.33481397301531e-4,0.04737771682743641,Dcxr,67880,dicarbonyl L-xylulose reductase [Source:MGI Symbol;Acc:MGI:1915130]
ENSMUSG00000038170,1685.2582960596237,0.5989551858602085,0.18115072186178163,3.3063913833984744,9.450598209709275e-4,0.04778436430637531,Pde4dip,83679,phosphodiesterase 4D interacting protein (myomegalin) [Source:MGI Symbol;Acc:MGI:1891434]
ENSMUSG00000043099,466.57894957107214,0.7490244811064948,0.22686124746314842,3.301685455239186,9.610577801543691e-4,0.04841057592589621,Hic1,15248,hypermethylated in cancer 1 [Source:MGI Symbol;Acc:MGI:1338010]
ENSMUSG00000022221,868.0425100384539,-0.5376068388598564,0.16302230791112782,-3.2977501407533416,9.74628198913654e-4,0.04891027429679419,Ripk3,56532,receptor-interacting serine-threonine kinase 3 [Source:MGI Symbol;Acc:MGI:2154952]
